<?xml version='1.0' encoding='utf-8' standalone='yes' ?>
<map>
    <long name="RefreshMetadataSyncTTLMillis" value="1770194302303" />
    <string name="PN_customer_vcr">IN</string>
    <boolean name="firstAppStartWithUser" value="false" />
    <boolean name="shouldDownloadToSDCard" value="false" />
    <long name="LastLicenseMarkSyncMillis" value="1769603901967" />
    <string name="PN_subscription_prefs">[{&quot;topic&quot;:&quot;AIV_video_favorites&quot;,&quot;isSubscribed&quot;:false},{&quot;topic&quot;:&quot;AIV_video_in_library&quot;,&quot;isSubscribed&quot;:false},{&quot;topic&quot;:&quot;AIV_video_recommendations&quot;,&quot;isSubscribed&quot;:false},{&quot;topic&quot;:&quot;AIV_video_sports_suggestions&quot;,&quot;isSubscribed&quot;:false},{&quot;topic&quot;:&quot;AIV_new_feature&quot;,&quot;isSubscribed&quot;:false},{&quot;topic&quot;:&quot;AIV_offer&quot;,&quot;isSubscribed&quot;:false},{&quot;topic&quot;:&quot;AIV_following&quot;,&quot;isSubscribed&quot;:false}]</string>
    <boolean name="firstAppStartWithoutUser" value="false" />
    <long name="SyncPlayerSdkDownloadMillis" value="1769603902303" />
    <string name="PN_customer_id">amzn1.account.AE626OQ7LTU7YH57CSB2UXJDU2JQ</string>
    <boolean name="shouldSubscribeToAllTopics" value="false" />
    <long name="LastImagesDownloadSyncMillis" value="1769603902303" />
</map>
