{"Fid":"eqHKghMjRSSS7fcJquJqMR","Status":3,"AuthToken":"eyJhbGciOiJFUzI1NiIsInR5cCI6IkpXVCJ9.eyJhcHBJZCI6IjE6MzU0ODAwNjQ1MzI5OmFuZHJvaWQ6NGM2NjY0NGY4NDc1MTUwYiIsImV4cCI6MTc3MDE5NDIxMiwiZmlkIjoiZXFIS2doTWpSU1NTN2ZjSnF1SnFNUiIsInByb2plY3ROdW1iZXIiOjM1NDgwMDY0NTMyOX0.AB2LPV8wRgIhAMRAtnt4WGsLTIfqiyU9YLfk8eiOIR_tmQtik8LdU-fBAiEAw2nIvWbnocshO1F_ivyZTEToFqwn3Lf3ifulLoFMj5E","RefreshToken":"3_AS3qfwI5LZT3MQQDLZXBWKG_3rVQhOUaWR_un2St0nlx8qQbgUhs-ITth1ixzNP67vHjRquObnaTLrD8NAY9T5NjBdj4Ea5UiD45JEb13hCsZYM","TokenCreationEpochInSecs":1769589411,"ExpiresInSecs":604800}